-35778.68168151231,-16873.161271124372,2733.1915822066885,-11110.434147570733,-7227.556610639251,-75508.55448417326,56395.992893528644,18314.069441102813,-12201.716917538193,57993.69968040344
-14916.35816254856,16809.546654347134,6084.74336539135,51303.542283950526,59872.353853572735,-93709.30588949527,54203.18699982615,-22629.547186060267,4829.277325984359,59317.93486251071
90320.11698904664,-22794.194942813094,-42057.622569695945,-63145.58788101083,-28515.20833280425,-43377.32437232392,12637.689106257032,-1866.5143466532656,24895.821982960322,3400.3975035426156
37376.80748601573,-3643.164594862843,3815.62833149143,-7882.275038390993,-39981.02267551627,-17105.774409628746,17014.409909760914,22363.41344939055,41510.582886706936,93094.28366530008
15322.170505744274,-65652.79576300655,33288.160306845566,41711.83151352113,-27756.720022790727,14054.532943926997,33308.99335086232,11646.492559360091,2185.075109807398,132955.32834766997
56771.04164097471,35288.103034366766,-21014.17261301352,-53672.29321574902,-50507.10584885104,5878.8160436732305,-40958.788477917915,-39440.651039449076,-923.7690505899382,127250.61100674862
-6067.214910992617,20160.1996767449,10185.133498233208,-63432.59026718336,2064.274866470487,-102710.9229890281,19310.485722647492,9289.951008712293,-46610.14538681559,41680.52863274435
39722.2613557928,-66672.25266093764,-37140.35289306269,-24860.32208599102,35197.76116483633,37359.345225737256,-21105.242926344195,87790.72517096909,-3780.4115472375224,47422.215990816694
39436.99291818318,12740.58894574808,30395.621771483882,-45029.50962235654,52546.39547377253,-42189.84843599935,-3138.10158082576,14691.697324583845,27837.379516555768,96150.08414019247
-4022.7551391395878,3680.6644483080154,-34600.518446683134,-30132.105048490346,-58919.11000346036,-74035.61623155141,-6355.789234077778,52702.07561827067,-78496.53193873989,69001.57364899838
4181.819842065001,-53355.54554818844,48767.27668916434,17591.945144293524,-43231.93103257481,-105784.85908876306,-10371.645128251697,14226.38174636008,18361.291600446923,2519.026481608357
-2830.80160492721,-25623.77570945233,-13799.089226630444,19664.34036864856,10804.377762196707,-13718.546506295554,-14874.282920696121,20351.006601680245,40331.92171485169,44662.8087133739
24917.65530520787,-31812.099477872172,-53208.322392308604,-44324.822221874674,-5571.568065547232,-59509.67728995588,16919.611616895512,26713.081296190634,-52382.23761885635,80921.93448540123
35900.33761588965,15097.810990794003,25413.988397159315,58163.47501416235,-57757.30426305404,-70705.36517716107,-44658.304453339864,75096.69874914963,-9075.016319893593,122024.86635774435
-37460.754550118094,-6757.364137011065,31436.86256661867,41330.6984888014,-33268.461560167416,-74011.27808325269,-32943.64497865865,13810.474270731002,20181.007003964747,17710.00407488878
9088.826313288084,-74882.11588547613,35529.09169100949,-33097.8533261653,32389.819454111122,-94627.77080291141,-1254.749823725699,-4858.39679653858,-8389.812102947504,18372.515165943827
1999.5381253535697,-9968.086585394187,17633.277963233373,4310.623636367575,-6966.78911068459,-55033.61348435861,-11790.171277916828,45628.28195675852,3156.0430177667035,14790.860270076713
13059.324053603123,-43890.54228534793,-38020.56922064445,-5336.939243752352,-16879.193137371854,-50033.045019515666,-23156.217474831683,-8410.389114051584,-82911.44902187036,57326.00911229106
29671.50393263754,-72662.08544763195,-30336.794558191687,-55843.14173293393,-48240.03628477778,-32246.116437367204,33594.501027950006,-23796.164102416682,-7055.321424121301,-17376.741585417712
18356.063888919834,-3770.1508430409517,3499.875708425469,-38514.637934361774,-20507.963315051464,-73640.75923499523,-20453.661537685868,-140.266235165941,43543.75747218477,32564.152475249717
-33955.454898283526,-19472.412427130712,60321.04407245166,-3585.1500142841915,36938.84851191405,19465.886154072854,2499.0453342285673,18278.252169766485,49181.39095670766,32073.224472693637
63474.556039767784,-21124.73460575451,-69046.6111554122,25013.720602862537,15106.992330310459,14836.435938554276,-6718.197639824663,-7307.987059374199,47386.31318297997,18448.58571263832
50317.94756613577,6529.056490141222,-51179.396811117374,7570.177228655239,-31957.019847830277,122.98136537073594,10789.14938015246,-6631.707838142156,21944.58532108144,90651.43898467967
-16530.589687308853,20062.440170235135,2182.78281654263,835.3706131699519,-8833.760056905323,-17991.4085158371,-53582.70143336427,22243.291697598386,54810.724131849645,31569.79292825735
-14124.685393807622,-32644.433200439013,7265.048904671276,-47745.70231981182,24148.27356781431,-71418.26175161469,-9766.01444513299,43704.20380102477,-18822.110831886508,-14956.252099836875
43218.12081011063,-53395.71084679715,-12847.386860154169,-84.1383489532891,-1410.9515023898125,-119512.36468084929,-656.0272358959394,19694.930638481994,-5327.572677109142,95428.18110381509
-7344.105073335046,-45065.99522851984,-14462.313433142019,-12954.858040345956,-21095.534305221525,26583.47576856619,60673.94407802449,20977.5987045195,57715.12309868444,25636.193374189123
-5474.040733303616,21507.78499911403,-33922.37884226612,-3447.2813865935545,20317.413219846847,-10364.712923286495,26252.926646304637,40174.08662081796,33594.525917313396,69806.76912153838
-25969.264135929465,-8919.958179364668,-13110.79746457309,41003.78169924795,-9519.79903204922,-28581.238102757456,-2071.7876039753446,54267.187100086994,24289.36386734523,24768.939468395612
18468.770894578214,-10.920792605693805,-46279.897273345916,19658.704019690602,-30224.052502132152,-2622.5705402158537,11457.742819061199,17315.076571544996,29858.649609324337,19999.937649145297
-25107.2266361118,11021.148897785763,8960.466598270978,29508.731010095275,-7092.412596579379,-82908.62402549751,-17373.967124317245,-5230.61436331947,23736.56043389403,61772.585872850046
41049.1361233562,27564.87851423663,-31587.96136757725,44247.688181399615,32791.428145772625,-60841.32511198427,3263.8654359485467,-33427.1692624397,7331.450231353695,69689.0162038859
-34834.96147868789,-18730.492230501957,58643.23622600874,31310.543324750175,69668.05215881484,-57644.17484779296,-25570.989923011723,18879.248329653878,-38281.99590009535,47562.33023696939
-15166.960996622558,45029.838142850545,22883.95265798047,-686.3748984170625,44577.52018465833,-67024.98560960847,39011.766343964955,11538.455551398685,-95357.38173981309,91403.88276105434
-9280.656086932357,-113804.00618083646,-8395.92364369375,44909.77461147695,-9523.8418637887,-51951.486112830695,9072.044277773286,-32246.484255491774,-13193.046449116802,11697.133319587623
-26099.734309916843,-61161.811553977,26319.466988456563,-24813.49443726948,33057.81349504306,-87489.70720191095,18546.50381917639,98624.61905868849,35606.60221328611,45443.46172772039
54647.825573036105,-17139.71002668493,-54873.75271552299,22723.148686875742,72817.49909722713,-12963.55072203416,36332.65249703416,-11546.31725462979,9049.458103942898,5376.035580891948
-76965.30042411343,-31535.01270852528,-20742.40170536825,25408.425197170123,-19722.744749693567,-7617.853505940529,3534.591963327077,-23632.350330494184,83836.70127893185,105694.29713958439
-6425.322956940461,46591.870739124046,28884.11985438541,26813.301402812518,28650.287226914876,-30552.3245270192,34015.13361012893,-60384.23062268198,21112.798469895508,47917.814584862856
-54262.868375232814,24137.501117134685,-41075.52571992622,48898.19234427962,20704.940192969883,-41740.58404044506,55488.068810216566,-19924.556092745792,-25611.86071634728,58985.245095999104
59393.29694382929,-10312.890259467444,-31354.08187152385,-5744.5985120634705,1871.1244606444602,-27253.18498478865,-9418.317244211516,6896.795573706964,25104.286367407196,82401.88539477748
-17203.984424609902,-20604.008628242118,17952.799889354585,3289.8719640830386,31903.21426381094,-102973.66875902632,7593.661647526589,42473.499386964555,45505.76285994423,71016.2307443581
6101.942466698051,-47646.2597330192,18812.406791132285,42496.78652651041,21336.6268394349,-39546.61409768472,-35335.462385880324,47475.29169362462,-5001.32366577641,56254.958620861034
57017.84449321914,-23983.406235212842,16103.960450329352,5974.868443883106,19562.001755499252,-93129.28108815331,20485.742578139372,-20771.850083742822,-7268.521800262761,8914.830012104452
10308.972557064099,41135.75660686905,-10929.19852495678,-18161.811075954618,-59076.66917700364,-23791.819199702702,-36645.2300902078,-57832.3201740573,65299.001828666034,-2170.8298615112135
33516.53615135964,-6374.555434643816,-24505.139447994516,20250.581992632888,-41653.84703576,-6470.971834136242,11632.288579033047,-2305.731717855777,-40944.00832668902,28945.47753518327
-14599.833056534393,-76080.39908990532,64268.133416679455,-11506.671628428769,-2384.7331865149,-64069.96387238299,-45119.3993030408,-53821.796507912615,35889.5352780148,35901.76147880871
35225.33654322338,-2872.8161504062737,-32196.86394558159,36386.60746299611,-19209.66763432649,-80561.43842683888,40085.38294230165,53198.986409501886,-44188.84927393371,-3810.541185898541
53870.59159946481,-59569.89259279157,-79157.63390389318,4552.174623071466,20574.320162480093,-42286.90874795213,-11622.434759696942,66147.28515861188,8936.005156850677,49166.10808040082
48884.87735223835,-5542.316933475839,-25456.418224621182,9696.160785400767,46307.68269354347,-29527.043345577407,23020.37630935206,67249.5716078331,-52482.69748391106,88018.31689134045
78444.94966888255,26659.236720080076,7572.777666928039,-23276.075737154228,14742.596368538669,-88419.90300390613,37787.045398243135,5625.890709016393,16742.480412843066,77307.86892266823
-32650.104502880262,-15621.198533232257,-29788.432763380824,13202.791414177707,28920.83786313991,-9616.714359311476,11179.02581161024,53177.88698765033,-28908.638245486516,124671.49074830032
82688.2606707921,-58371.62299957821,-10417.32302819577,-57951.59692719342,-37809.60640198195,-26684.52542465835,-5684.262374247288,-13118.790360892053,11637.02807497285,83560.03470537954
-20951.57945303821,-81567.8583534193,11345.15996538497,22499.56844438072,-25108.180253282597,-20790.08696921334,30284.63306593497,-23821.966961808062,45621.518587563776,38982.817246188824
3173.371935927855,22977.497479819012,-14975.152446385244,6522.523777607619,3987.1298815471037,-14027.208612382356,14541.853959771903,45729.826598843516,-5007.415366614757,80319.09044714339
19735.23000803843,-38158.85656070495,-1268.679839765262,12570.509056324181,12242.542020314286,-73650.19826413397,11940.264385517241,-36493.89391295298,63422.635023587485,-43746.67776850649
-9413.096497749419,-50250.979028820955,21456.9546491419,-38710.30332521686,-2282.660789585977,15015.502762343434,25770.723694436918,29600.091730983102,10804.13137818659,70004.3222023512
34347.0186789688,-86465.15075295066,51628.09932746012,13550.526951838085,35120.81757383104,-52577.95451860994,52093.7492799655,20906.899144901246,40166.11815261949,50547.15618225529
-3299.0038278546563,-992.8437434177406,-69650.47980456505,7099.0101456400835,20759.594840442056,-65988.5968694057,45255.73833384816,22486.64653469466,111817.38423821231,3931.192527500126
-2587.3106307949893,2165.4817381023868,10908.730235295303,18939.24337093585,-25885.564804063746,-93001.84253464741,18181.75246389519,20941.722115447086,25080.990255568322,43941.850235840066
51091.56656322122,-58987.1036424131,24595.60634967398,43314.857803626146,-46023.639273796856,2461.87297293494,36953.62153213761,63074.88286161794,65674.69584154944,85573.36710818691
34547.91420611658,-52888.70155874535,-30540.38050830763,48870.11825924239,-3365.9376156325457,-37954.01439014773,31839.408505737647,-780.1514722325669,57276.354488124525,39936.58340103357
56917.39224093492,-20292.531495896987,70989.8010559168,-13899.333063268772,-2547.2530609006512,-36030.52129894621,30625.900945969093,26531.602512117453,41968.23481181218,62367.34061028261
26447.982204698874,-8797.583809667785,-6246.445895512847,-46297.01553775728,-42241.24905986661,-74112.35244220149,-4109.792526993415,52229.45293763032,-33077.63333368246,93500.83757128399
-34771.75523152342,-36369.98882472964,-13217.381953074768,16652.25493229566,17143.895808378817,-7119.976941289691,36538.615326627434,-20470.344141242407,38710.57423530191,9028.459062786615
13852.558593601963,-22930.64534054831,-19328.65530933186,-65854.98684454331,-7479.121404905595,-30415.20547157472,2655.949428120586,-27923.76126918123,-10491.503537260985,47878.34545684399
-1408.1717860735398,-11076.806129405166,-22569.00733983951,-19923.75685725678,23413.167931028023,-49469.681803665706,33952.9611088148,-36130.23409368614,39236.148089883216,27845.6881065451
9191.718955630042,14864.992874720338,-4239.7103503325925,53290.621882570405,-6104.319854660653,-87957.46707786615,14320.577446991,45009.47952924856,511.75547505569136,32485.596834132026
67912.44753108996,-62712.284298319806,-33614.82272780718,29949.521421210742,-10345.65561516152,-55190.50038993165,-2457.786669107743,19265.85807683729,10781.363574802279,44476.58156339933
-29697.81717582304,-4358.667861088523,4626.587136712639,47732.93604617052,31789.267595443933,-43577.965415575694,32410.232462530188,48338.23347859966,27099.68159864548,125492.19246316513
20256.129801485986,7473.2785579644715,90481.53129315225,9811.236110246526,-61318.40545193618,2637.6467733637724,40376.192216502255,36390.90624825603,41953.27603779817,85277.24553932683
74053.23073537624,-1072.8713951173665,-45311.20517828121,-8122.6970271244245,-32791.33210037636,-11342.343528394174,30301.85114309951,4301.410204541482,47431.217197432896,-33974.2699020965
-8144.277558219009,-74762.41823846642,-46568.16492575133,-15745.207444494548,-16768.105000581818,-62134.71929505407,37823.105713629855,13373.903034683024,19834.685709446505,103200.91495181556
-26485.781391415396,53301.183728188735,-76709.67811733138,-47000.493128624774,-78521.61981118399,-72238.60268314854,12819.268357878795,-25855.440538342194,23280.536317898866,103929.33092278501
56712.60326465084,-17440.54326271259,11484.444184362392,21259.593663933912,20657.33071302076,943.6344578497232,28778.45324373182,63587.53301926642,-2843.4057004725723,54201.228477244345
-5414.559941015939,-108159.55811098994,9817.334613213196,12111.449457056606,-24299.465325484074,32081.163247817698,-51723.515796529806,-31918.91145024499,35474.05718722144,63187.609684549985
69769.15481655729,-52340.60273632526,-41634.30144764687,60322.54894317413,38515.03577512996,-33283.16645642504,31933.41705334528,33489.44715374245,28531.08086579445,47463.880833593204
57304.49547069558,8127.380821815401,-27613.017581572618,2116.847850387595,35430.95825748606,-51190.89944249645,-23921.50002988187,-4262.280510644485,5380.79252833692,47526.28094208497
42700.36169342208,9430.50933204001,30574.46595779795,-17014.12054011126,8585.643148053141,-41726.38927912843,-71025.69968678615,-911.6748729761621,15834.307573317383,78383.83009114566
-42200.47653170991,-53365.66155612875,46076.45435970444,-53758.01398749442,-7139.763742922158,-22943.78560639587,-17227.320349243168,-45226.92442297446,15681.755628043818,53120.93733602749
-25554.877240177004,-23751.918434498686,-2793.4473219312877,10848.197007524204,-23193.841196496876,-10714.791631735436,-11551.098891678132,-17937.65560951219,-7430.768493611045,24214.796150485367
17265.99392121649,-51926.9830879773,-61776.86336495255,-20538.192627857465,39999.87432142873,-51769.31595204339,-19413.714659019264,-35480.880799386905,-28212.176083477738,82362.13935610658
18714.78494941529,16678.562344710965,-29101.623408913933,12303.946560164091,8846.96536222648,-42505.897801357656,55181.516526052204,731.8831228028654,30206.903655144975,28927.481959474397
22068.50699034985,13463.239234283814,-34523.84747283571,26205.940732774023,24494.0128067542,-110601.91224697183,56062.14269751901,-44874.06146320822,36735.979660948535,109978.05444428799
-7174.392929213092,-81403.78158785241,41271.92738811501,5174.882457034424,-24907.38700092746,21074.83525354023,13045.512428884334,-155.91056264848862,-34001.37056909728,10749.643261052512
-3600.007194990695,-11356.45441077484,-11577.659599885696,3183.886148739405,22710.59358349258,-55132.93585370778,1527.1997151419969,18573.22951203511,-14789.86957832287,70640.03591003678
-28376.516103121467,-5058.875612890793,-11160.641742544023,77018.67509365157,11945.112307567942,-35786.04680784669,3895.8278059022673,-16928.10014898152,47084.229877936545,122251.40706776518
52893.17148279207,-34241.55973840281,14607.060600089284,10964.724650513584,-60090.384134225314,4624.255266777893,48395.30925201784,-6806.349839545479,20928.096846650347,88320.46668967545
64152.3774073822,-26207.64188682185,-20903.40408506218,-57429.84143345584,35426.463079603025,-54739.99343767631,19860.691665259586,-11092.891811037276,26632.53091240797,115578.340911197
31825.717701205947,-12410.809065613106,-8283.615349434867,23641.466946708075,19263.030808753352,-17760.151678486916,8652.529338404505,-24960.13090797241,-55810.93286419529,51046.92712947021
37072.69869509154,38635.6812141491,-75565.36885942367,-26236.065507796433,42512.413798203204,-320.9743546581267,25157.8158717336,60139.06368843473,96677.47370173276,10866.291316479832
5143.994638704813,-35996.25751703977,-13148.712209419922,-17404.146813316445,10556.584111702603,-97307.54190423929,-32943.911774566295,21755.566025349715,46070.51664127119,39856.73140800991
-6063.192581029189,1260.12201568305,40440.54017880652,33336.08709109416,-23756.369479727877,-76935.31237252612,-27903.47179046632,29765.83258398882,-258.70379988072955,23941.746448732727
17956.649011247795,-18697.67030022221,7878.971422292965,21264.6450776793,-79675.07923938929,-19937.248294710676,-7363.003451248745,18150.458127114318,24376.970829763864,64777.553126574465
-5888.018589608933,-17664.648009833116,-61281.9217672625,15256.942962664605,-59576.71902965866,-22324.82387893657,18119.858901505657,15337.34893167705,2548.6513125615306,35789.05417961993
4715.368847182926,-33541.722373903525,-20947.703682770163,42926.52363653121,-25080.872072678867,-34397.57718963277,-9146.96496503517,-11403.864785705366,26232.36922374484,53649.165775618356
-11918.627419769222,-962.7253872801934,-28242.014461842686,6506.790608587509,23890.541151941725,-92317.07919938315,56746.53901463505,8058.778769139388,44033.33483380427,60725.768623945805
26746.935734128485,-51971.1013337856,5850.699047265381,45293.59148441524,-12851.958395001287,-24494.99234796678,-19336.67094313873,66084.79371237518,-6059.7122925400145,50950.13630160521
68912.63601233973,-26460.67685320076,-14761.786500260772,-48738.36014690387,-54029.30015251211,-15427.549908976358,-8384.728930978545,-38353.14588669691,-48949.966538487824,24001.805795672033
55358.67823025287,25470.554575989376,-12650.507983567673,26986.969169974796,33433.08164447653,-50649.65944424871,-37737.80439742209,-1214.5743591507762,-64554.20411788766,84209.48600623816
50213.05705497888,-15051.934203230398,24915.467516419696,39951.8757636833,-16481.42915883344,-88488.5162151799,-2847.5381196973867,34860.25631007536,-17090.496605325214,10487.670468065502
-8723.727264507064,-30914.311572681167,-33002.88593669363,-51471.3886087383,5043.604660773702,-87870.26237093424,54227.115769682714,16251.374543819513,-9165.471184026279,-34907.55420858489
39506.65706567333,-57853.31612484219,21209.256732761885,69655.27431691828,20668.784061200327,-73027.59408647996,-10753.318481310673,-28704.484758431743,62515.40399719452,64268.5363463299
-1161.9371753036276,-55640.10225161055,41648.22505841356,9240.701363346727,-36872.5543368035,-80156.74648453896,5114.695893814457,-107496.56254354108,19470.69834843811,43547.76544358946
-54540.21406455247,-17444.35600201974,1762.572797918791,50208.46694521652,1255.1690952750705,-74023.79521014473,-36142.98371392713,20004.546743735755,71574.93347911575,30480.278072107212
3112.6464953448613,65512.61845174726,-2239.40113791812,-36628.07144692695,-11433.980455684728,-114033.66229809301,6035.740050644318,5602.342119103152,1362.9563149761188,-2505.842311879723
25409.28971786144,-89321.99600297809,12449.747836437571,-11735.554068642581,75093.49103551591,-23074.851071918303,-17948.053120535817,-14950.58616224244,29642.812637510277,19755.748423368932
15652.375018629598,-61560.70459198206,5019.628894931964,-25594.8423329472,-42337.662727182964,19515.784074589566,4480.159046065455,-53139.2590486637,23329.284711855536,24253.807972533603
12111.599863404419,-63037.08808020829,3198.6638664085785,-4347.770194959243,24661.982551845795,-66274.52412541526,17225.89656205746,69502.78331552901,41598.12654379898,43719.609533138224
43962.43933085433,17180.277120613333,27184.383607830066,-25761.930782752126,-28274.760752168015,-41365.08324584115,42225.6902372524,22995.180571344717,22382.427578561685,63752.52209837233
-3962.162893243053,-41156.052352701714,11905.912137634577,70615.89335850999,-56945.863219835956,-23761.355747870435,17858.176776839347,-57409.47134753584,16178.743442127516,81619.89014790938
-16984.568187291425,35013.59785990339,63574.26778051169,41919.83018226345,-70282.14871685069,-13399.336726534822,37441.76888781214,46498.450606654354,24420.516869164985,26136.17114116153
-42992.033840982316,102.62693712112195,46617.42537941488,-23861.610463783374,-35457.81333154176,-39029.45047704296,84291.18203019093,-19889.876968001365,35834.82956724186,84253.88922327412
3965.3114035621848,-112540.40108622539,9432.225719094866,20963.98380895788,2673.3333376335263,-44157.651397332396,-53987.66769692598,24999.621370951274,50681.201167057116,71425.52521055216
39826.82417364891,35534.94512633412,-48111.18302810858,46259.270428441036,-33539.86244667895,-5505.5665730938035,-41296.13974736272,68233.8526646187,-14981.945762043733,103193.03535668927
-4694.845170155361,-20671.05029841164,47065.905783779934,52888.74642287129,-35208.34508766686,-10127.418502970215,34019.081008964,-39529.795853041156,34998.9132500219,5816.642861445921
-21132.54787108046,20203.44983484326,-12264.606301082153,-55264.261484247334,-5410.858146837752,-69197.29350742872,-8874.166423726658,14822.133331888252,45545.06762199197,51609.48810204162
35438.093907978895,-39258.07484269452,43989.560829081194,36645.71815647716,-13369.616283259858,-42325.446851028435,34144.335574221586,33966.331067505074,59891.335586214176,70651.6064624951
-14969.473073069596,-64652.406275816465,-56470.44441788076,73913.57570486807,10085.162003878982,-43710.313302848626,15230.137069238488,38693.033031284365,-30676.06234623647,54619.92240096093
12886.331128897671,22701.588155152236,-4229.028314779395,42166.20538282945,847.6455902668067,-48991.261520028,69735.25988691354,-18503.2272393571,36070.71174676355,55376.00606680769
-32072.494445598484,-91753.81722626086,-11398.354660006175,-13514.978679286509,-3655.5651174304508,4827.43801855948,53123.434919055544,20692.506378128186,3019.5958195664834,24345.315160044214
-16886.94490936331,-2556.4256544533387,16284.167074340745,-39433.03665534225,5071.526685354127,22566.950107285826,38141.6369307414,-42614.85716863367,34579.99700597002,27326.44322720125
4729.797970393483,-64365.439662523255,33185.996639983285,-15934.716865805667,64382.5661385194,-38552.71290533608,52639.09031515271,26782.026087086226,91570.4039101992,21964.61739164714
47308.71840821674,21097.52012772866,-30340.718864011666,4970.6632029203665,-25313.238227563466,4593.716677084492,21655.624578967323,6622.688100418554,-31810.21786850584,123964.46331904644
81780.48554069323,-23374.436596591622,-12819.037191211939,1460.8182780457792,22729.54814451292,-105205.69641121531,55653.15683288335,-50960.587360285936,16231.748399234906,105267.13293675911
46754.03629627629,-8140.654118359799,17671.55231695416,6183.524548468834,70679.69830599207,-77249.94215044784,-11832.524444882903,26711.741380332267,48451.21754254596,71614.68878678847
9769.23013595332,11961.438257287735,-64764.780519761116,-58153.606411228306,-56633.51278120587,-48718.99276529768,-19992.234267546803,58929.905133040396,30561.388011766107,68845.14655854196
17671.84091528722,-78590.0933453615,4881.3686273877,-41143.643512928335,-35115.939879418525,-17107.299790051802,531.6611989371669,46398.63111521976,-31226.26441109206,46935.08974678359
15709.748285176707,22698.122626389057,-15718.39239505129,24534.981140095137,-25836.377795086293,-47740.08603786701,21977.48887382484,48293.88686751943,35817.58216474081,61576.866192681126
24707.594375172044,-41760.94887766392,-10677.894856676408,14156.094525309023,-56090.19671034842,-75615.23948061053,11213.345391423753,37337.23992593137,-30455.24502522655,31605.72664071744
20084.889315537323,-4042.8176434677844,-19030.852664488073,-18479.350182724553,-15589.14306624794,-9066.366344875558,-12005.115492432684,64771.5817456469,-40072.68961686665,70706.96634799833
27073.156228972628,-35755.35338225152,2923.452065461918,-25288.722005925916,-83203.03389360901,35527.326590145596,48494.50210237006,32583.839389841356,-10366.338826427427,44139.443382013334
-30571.80645423849,-33333.99387026653,-46983.37554467619,43395.467307914914,-12311.804842129995,-66732.95107858485,-69874.7656039075,-6100.315715918298,28889.422733086947,45707.49144313203
-17041.851383104207,-54891.727574943245,49807.35061962338,-1844.232661132044,35089.22075565685,-75633.48717282241,-2705.445763579659,9375.64524412796,37724.30090678097,68615.99076735952
-3785.176071889953,-33607.51984306546,-29399.39946987233,43749.33247633746,-9544.701423047401,-60365.32248460777,25976.695624515538,22097.591882318065,38177.39296533299,-27652.704170425703
58600.37994826766,-47066.830279614784,-18717.93146856753,81178.57825089186,-91267.10275218573,-31613.504951852447,15339.379821779372,42367.159670002984,35720.97425957955,38326.24272991293
14985.15130998012,-55925.49134302708,-71888.01107750056,10169.496711289545,-61203.62002701449,5694.856459246081,-15692.53267444205,-34709.580701110186,-6363.52201179495,-31081.172248619918
73787.40698283588,-65490.63087601528,-42741.0779525674,12312.815552327684,3041.1904988235574,-82292.28825368811,16734.70520876374,-10136.821152223609,23111.49075061929,46019.35975133418
-6221.694817248873,2747.4585867559326,-56325.86346718218,18907.755910141663,-30971.584518698433,-13875.846701545921,62354.20532751462,-8537.019164013424,-16274.040441482015,7442.873819375255
-8805.803965942654,-14884.075523312524,-17843.069034753564,-32303.95634566818,16966.07479448146,2712.7796052271415,17507.111985178097,-67117.33502909476,48994.819336108,52693.881119535414
64971.2491315192,13161.511173862811,48998.76561562209,3248.8518183733922,-56016.824492474276,-58125.408740121355,16179.866785729238,-90593.8562726893,-63443.25647125526,-33116.267017590915
-24577.7534120884,-30203.03744058963,-71583.23393250679,-30155.094887506115,28669.133495627422,-21145.371978567793,-8875.540928179607,-45722.673653761776,3636.739042416939,-34594.69893658942
52868.2486265928,-39928.11779938345,10666.952240574677,13058.819814634011,-3487.113796087583,-37629.39030275149,32712.097184840346,16202.938570988841,-23188.658317742098,81799.84603035811
44637.29155866822,-9818.754360009345,50179.15114381943,7392.791974100028,-21828.11836296905,4653.576408662796,-6907.016171964817,40147.444476045945,63953.150216765345,44577.459314182415
58734.57895052005,31548.984024235004,-33561.40848303895,29147.05380802693,3323.1805192889074,-45408.162624119504,55178.54359876466,-15988.531922590073,42576.013295852514,79324.46856210261
19059.54261987775,-86789.79260419242,-44238.63032465236,27582.093380960083,-76268.92355283219,-23447.727757156277,10843.341292903362,51276.55738574498,54361.294858393296,92425.23713353368
36938.34303611546,-71308.02840738565,-30823.19798832525,23867.72752703431,-10846.070830148024,-14953.95042155965,34360.73813510054,6411.279708204646,44124.967127342425,53243.958038444674
-8684.842094961567,-64350.51137483689,25382.224566700952,33219.23773685213,39825.73962422054,-75221.3134499621,16062.259298869905,-19514.95966793221,-12695.917263903362,35320.762555831905
-37814.4344759947,-30539.977809615448,-10530.204449025936,8161.180022131506,-11969.60081259691,-89352.9992930098,-48023.97188138937,58853.78702519569,-4882.499828717162,99366.99337269884
-35313.14594385362,-79532.75057643997,-23125.431811689366,-7806.289735016955,8783.884857629768,4289.862379285003,45830.06648803937,70077.73714947452,-21512.70071315129,123143.26490963632
17437.136052662714,-54519.01442019283,8084.771755225276,-21453.80819366235,2076.7796491672325,-88663.73851380605,-35503.86336002888,3105.974119883633,63815.2662019998,791.7695501163529
-28771.43524189484,531.5921747951243,3363.20041525334,39073.41769951833,-41301.72064727227,-47435.39481917946,-9153.34074212174,92552.08526122844,-14963.034719560766,35845.361067170925
23810.274447874464,-53824.75607492077,-12858.270178896675,45075.558109246624,25457.098407506735,-24961.542534859596,-16240.687884270172,579.0669372862085,54558.92340753326,40812.818111272856
-9589.1713262547,3700.083783192384,-2846.52276132935,-33635.52448453782,7765.5955810641935,-52078.65226300282,26319.819033481268,23743.10302992448,26305.102547521485,40543.364306147
80182.58459358265,-53629.055945033215,-6363.999226035918,-5236.2342188382845,7092.9381462151005,-1557.1139068399098,88853.8208657703,8562.788964277875,-3887.22745468663,-6863.61399801178
40318.74570934577,34135.88814413809,18843.45609381025,6671.0868738411455,-48690.989504951176,-28777.414439926026,6685.45121673526,-1988.81043545386,27871.071392031372,76128.70974371057
66595.89315537857,-73449.01091101464,34881.24854140494,10557.46766409688,4985.913533306726,-30461.29888546063,-19880.914809554506,55662.387719682745,-28988.20389941938,74227.64730023059
30833.117575056604,2567.494274319121,-23188.821245877563,8255.389715494552,46984.08763268155,-92429.36869247118,-30879.038534370302,-34948.47733053506,-2341.402289426443,114030.02339106535
71378.1461316743,46192.37963438814,-49222.80830035537,18504.32276369274,-20552.822231867394,14731.825489936331,7253.0397579316395,-26988.656044822164,-17761.666529363025,105971.89446452243
-5361.191660491091,-31892.90478176213,-25550.96295066179,-11471.690420392053,-16145.880829676831,-17997.038839461875,-14441.646528607529,62806.179069702244,17483.712737415593,51148.34318248053
-26337.864228535935,-30194.60859647934,42186.33897728326,69828.21135361411,57915.57002255007,-91011.17616350026,-28739.339931489783,12089.622658001448,13714.321340877554,89156.85844494734
-8784.32116690952,-49191.423819649295,-68636.2923425218,19584.75250901054,6195.30507685652,-1836.8289884975143,14421.681905594032,-22096.917942479307,-66433.38594315345,44246.58426281028
28414.081941983502,-19347.240358306106,-45878.14675638196,-48866.59304095494,63546.40782060789,-35697.63852601811,-19143.72339101141,42535.61792015174,-62819.59114819047,28833.812569418817
26441.544983000465,-19990.204329032324,25045.17103155663,24093.4987902166,64027.31213063287,-99212.16737923301,18133.501997439103,27253.42329796913,47002.422136749134,65607.37280282048
8855.981773170737,32918.22851261488,55728.3505836354,7621.027070074553,21166.259686799483,-25565.20534955355,21609.02998245235,-15084.9935654188,9661.771630022253,28203.253680459307
25857.18119688899,-43647.41877926068,-51351.51307710768,-7220.369721541212,45474.987243507385,-22807.074539882753,-34284.93437369062,24849.398559423105,-37305.69279315631,5427.517888638777
-23824.28659469861,-12118.457417073108,54956.626637668334,23674.594643147957,-31681.14733102377,-22975.754758821986,453.63709087901043,-5808.726710045246,-20237.76858155748,65499.461074821156
-22685.492555828983,-107182.0720466512,-16685.25740335325,73540.49807952924,-21201.30868390237,-49546.829468642165,13891.738684303831,-4381.546159660224,-13129.987384119298,92819.46554026073
24407.75936411508,-12606.92725314432,31648.154985627014,4015.884459816896,-2434.499168661206,-676.8478046496489,9572.858996062145,87045.51490842707,-2691.7135210784204,19652.092748780222
28809.934276377582,-19577.835335391334,-16547.743209385193,3788.5850129466994,-31018.205210237764,-55763.22571806977,59236.370524709644,3811.1598285543487,10070.345337862287,23077.570607115274
-32996.489195329785,-44244.87544667203,2064.125744059412,-25558.168910093067,-37069.93890470469,-25341.31614528664,24091.02566395942,12730.167708385548,-22666.45523168178,47969.94212840976
29310.711204289873,37313.01636566315,3697.9140146966174,-32256.75583539086,-19732.708424943754,-20016.024876111973,-19279.627614002282,49338.89418706035,-10041.427658468985,91361.12374031304
49155.931157520004,8664.46820334914,-26583.70023204378,21868.02658874853,8431.815144002107,-25565.280417289854,26658.203548292426,19972.71359950261,-30399.379489461327,31983.68068680677
8671.36310057697,-10118.780728755,7838.38626600152,-50952.072372117276,-25090.086018799284,-46942.310302709215,5626.139044491543,43694.359209493436,43487.25529068973,-31387.320264077356
22327.3963116765,-32823.97623336605,-33803.930182366414,20909.50694206301,-12053.197310511441,-26735.55564007756,67789.59001030694,67474.80365658864,12669.955739399822,67832.8630999589
15681.918084571245,-70483.60116442507,-25151.470982551793,30739.66834242281,-61948.36462251859,-57003.37219590579,-23391.176173636846,-53460.605199215155,-63241.58800273022,40532.43842711352
9339.601371066808,12662.516555785063,3474.472692726552,55279.43549981078,-61070.42544469086,-71349.26784917986,81652.70280026116,-5729.410083575853,-21153.44682521434,-4713.069794956868
75448.79806753491,33089.06487827371,-4587.390811262175,39928.79634863702,-18593.368468233755,-6622.647344396985,-909.7019610477873,19882.4116423478,-16623.801705394977,57919.752069483606
50057.33216492508,26335.397339059782,54228.41199296528,-8945.791134244191,-52094.72469277167,17615.928010068375,75287.73697678777,-38495.966568592696,64662.176069787114,111015.1000489821
-32094.438227791023,50178.52685190689,21692.687810636977,-4934.269733426125,-11171.861598698417,-108073.42837923164,24573.730744431217,74966.56007054997,-15969.027366253113,85761.1951171961
-41181.08718301235,-31141.167271823586,-19705.980714176538,60218.68083024464,-23628.504289293855,-43885.26875746,-6800.951411824996,-53904.83814858342,5533.6275964385295,41871.012472360366
46832.96781442748,-20608.476889208025,-18438.85564363678,23.544539610831066,69514.56697049575,-107118.86485053548,17321.011627556833,7104.590896457744,-8936.78934465655,74198.08830738961
30580.86390475827,25203.055856735737,-69157.1698825478,6713.316618149799,1285.2355981948774,-111361.59822358021,42934.953325160786,-51920.19333811711,20101.312023021823,72429.51905061264
18439.514293141838,-17798.294670032552,-27184.304965112962,24422.406733292202,-23874.97292191175,-67649.13037300776,633.9326531059959,8921.155460818549,8897.953530455083,44866.386335495976
32150.44810586646,-2805.1441168742476,4037.771064581397,1470.5547089816519,2511.049751937168,-56666.503095929125,57861.56547172373,19510.928312175573,-7435.2147676856675,18416.400744158836
-18840.994063536287,-54111.10496788971,-72447.46558738999,23215.73412478042,20788.970305262206,-29831.50187597054,56680.352104251906,4239.8480353058185,67923.42248197709,46306.72060272644
32483.884016323587,-43474.42453307391,-8607.296281272122,37135.37855871198,-1256.8500397741664,-66634.7264637454,-3937.7176782147817,-47953.816775927706,51833.59113662166,21767.023322430836
-5739.719203811384,-19961.82110695507,-12374.497296402398,22953.253434642298,-19203.53916108131,-73126.06672822095,18037.800685944632,-84214.05001415683,49320.761470362544,74497.35451502871
58112.93367326459,-10462.738129523232,513.5530408177856,-15875.610228715945,-33056.76727054101,16551.533729652838,35605.37859882093,35247.64665540181,25881.890433705445,-3369.711212288359
-12113.043296977274,13389.931325092968,31285.155160181603,4101.7726644348595,3434.761397443574,-5758.538140551688,49579.86962616749,35499.55453653994,31756.244717182013,-8065.496299674412
-4036.0769732722656,-4227.301602479652,36765.869676830334,60434.08191292375,-35012.28856879255,-63365.97966609948,-650.7804202051652,-17583.083958337564,35909.29060613565,38886.55480648759
67168.8005146302,-61533.918113813816,-31080.582769330995,-15811.447697256599,-809.1957884654457,22046.508658031813,37891.48656348575,22272.62742096925,43245.75965147291,81995.18345893417
47003.34319328872,-28462.484659186073,-9560.255699500065,11027.55706152153,3563.825870626225,40.32097426438389,79154.09400874135,-84450.99827126543,-24791.46862434229,113001.78306527201
-30913.490278971243,29149.20004060106,2907.3840385478225,91405.42553463196,18541.004838240202,-41185.09615078897,37306.67955879321,-11819.015773795762,-42073.79598822286,89230.72016965249
68745.59924299642,-35467.81601772566,2144.297356657027,43225.119107017905,-7494.430300977712,-29203.11038764843,42001.595545977594,27131.323441220047,-16809.403219750075,90726.28116835878
17548.73832550406,43616.11279727741,-45304.14237417651,30102.213749544375,31041.28203977467,-60238.98406729523,86297.13056454834,11957.97733635285,13159.586883567577,67170.89961633948
1531.6321435643558,-49924.936047345924,39393.054788207126,5195.19280783247,-26357.154240958123,-24955.366552759642,-17632.876340288567,1776.3028732330743,-33818.510018133195,35329.85112422639
-27242.610448978063,-59463.686255410335,18113.38512007033,4375.574215422362,21631.04738937089,-4948.276412945105,7062.24810245574,50701.99691597429,-3652.2632706446702,47425.15344981038
63058.56501712609,11934.339638863916,-91251.95125006033,-18671.693271029264,-41539.258590509984,-105431.11400027205,26393.347437410263,-34905.4357852876,61505.65188180913,35402.59746645473
-12548.312785279308,-60915.40654526104,1192.1593557445722,150.254809767584,18158.515242056917,-75294.74557551467,5486.449945725445,-17523.874269107873,18238.2690178225,20277.220500430605
11445.283166077743,-79550.48338525908,-11001.629167857385,-19970.191787463882,-2016.3060306864445,-65521.87844084661,-42432.68107893997,-20380.231300100062,-48819.41097255532,56056.154651360055
-18126.03070155131,-11879.587790899084,59790.4601306825,7336.335487973384,-11737.053075185644,-28966.410284049238,-52665.92318268823,26858.402726832875,-8766.377697894128,48787.200661827825
35552.20826517681,-51546.49017790519,-31429.007054842794,-12636.372373152753,-31116.178460550538,-11348.550264163077,26914.62853497111,-7060.313757198039,27546.85852689026,60315.14689521914
34829.9290573784,2146.7838464564793,16670.73351805276,-11814.096667714286,-4569.4193611555675,-87709.90596905492,-11670.462050340673,-46571.68704061563,30225.04238297636,67070.99224911381
12227.984420563369,-35743.67538244734,17197.126056424484,27873.793348142026,45159.53723116393,-53761.289083837226,-8604.704157358543,-58532.496000914034,36576.79151143873,48872.30424323443
55797.74029835284,9944.043014754297,13399.2413396306,-9300.811146235208,3098.6631910042,-63398.01354163969,11594.40749232613,-41863.225505545655,40767.61502372759,92467.31851658566
76866.20223531571,-55971.849266987636,8215.362389907435,26407.379768797906,32908.62022522934,30952.281087040286,39263.06871037385,-54898.097654845464,39707.02216731418,159316.32998420493
31704.503822254173,-75322.41905137947,-12866.082909764391,-64916.20610906546,-3253.969653015133,-44743.389331609855,38332.74643125467,37038.87045392477,19254.56965240769,57604.00151215737
-37959.022813346724,-10788.583822634364,-15613.040511724183,10889.560814321521,9077.136201466794,403.9148858870956,30633.981910708517,-37849.82544088564,47844.35059428768,105661.94867488058
-38184.36342404618,10664.234308640225,35573.88084763951,13785.693235415758,32083.343003056132,-55442.20693632605,60308.71679987405,71289.72960107376,21962.120333545834,49584.034203588424
19218.999935279415,-32944.729727843085,6788.768615740246,9065.658804096864,23173.84417640805,-86816.98961519207,84917.35951234019,61054.499370175894,7182.840417748135,7692.181729418958
20804.605520149682,-18897.487215326124,-39029.42241089865,64072.32558822879,12072.53789848062,-38815.262959367996,30814.74502002979,34690.70092398854,-50634.68026172389,40194.013693898414
-83419.7147353704,13946.085897369425,7050.80315513103,30392.819075019877,-14034.27911600644,-12113.506955652592,-19579.99783407498,73505.80495933897,16152.08793000336,115066.22894048036
44261.55974908881,-27994.620423822555,3687.0113737768797,51509.5036570262,39468.39100968316,-12481.114331750705,41064.997857768634,30532.13239143185,-37788.09663692107,60064.80571005284
35132.464259997236,-56265.48491375731,-1483.9288397553464,38487.888670732355,1106.6298921209755,-41321.09654659158,30603.840568230757,23026.835676931827,34787.84694065325,53172.931250697555
33791.65298158979,-4558.110159804363,19115.28887795965,-8258.179661422748,-13306.621982193241,-37268.995464723805,-26663.872621141032,-9319.106144486297,-14372.20121788629,39894.04657716864
-11198.778450330718,-17800.625428272422,21443.44056985382,46715.56178790148,-27060.699637589278,-67713.6142314353,79271.53124556724,36458.90720019051,-3371.316788739248,64505.33201198761
83351.87147384186,-97921.3513025809,-19063.021873642596,50063.445278450694,-64352.03207125933,-33531.26488931423,-24355.712524765004,35907.21543801239,20480.629894503694,50007.375698859185
-33033.443266015216,-32802.2715780743,-3354.3467164230287,-20818.026720800914,-41521.70846541813,-20362.864213313227,50096.78779104191,63601.55145869274,-45841.804362776216,75364.87691530815
32007.201998974404,-30866.869416081525,-80311.93126140357,-17487.761186296804,7919.068686020795,-64062.45487896968,39845.88313890305,33642.205347610536,-9931.911080439717,26869.004876317853
-32726.018608086397,-19790.338854981503,41406.65716540633,3696.2965338827316,-50810.92586219607,-11225.511225567803,50214.094090225015,-4085.0783383705802,-36338.823441351204,39871.8357682613
-20471.05959986566,6051.980847020222,51549.41063596773,60960.35579535242,17854.252900530482,4702.88909077123,-14768.521814630878,-62080.87235852764,-36203.61836705562,71988.63102377414
-17963.136278632883,-71642.74776191352,1123.0274022268986,8715.955813496836,3628.8769262256374,-19651.751490314775,17385.825652051488,17175.052378329037,-36503.09017089801,18679.667226109294
-15777.447445214508,4791.167624154578,915.8796429238312,1694.769584190711,-21801.265874816614,-24777.35896619346,-25545.412185265624,-16615.32913962219,-38414.711361286405,6268.221875612464
39183.84029213395,21064.565428436093,-15917.710893936544,-4953.997953331485,-30786.503605600243,-48036.39334800395,15915.14898139633,-8296.101874151747,-27281.844416943502,26887.308090142884
6966.514022734258,37416.038535990745,10524.908104876904,-36232.49992090675,1207.4891848540865,-39257.43867356212,3149.5235018994626,16847.016534339997,55752.19573370173,48031.53974792454
26903.919853999985,26453.0375982685,-868.6575369587563,18474.72389404683,57491.25184520905,-93028.96807617694,31325.83184336659,33469.16487967961,19451.056348168808,74533.7208610712
-12159.923922131076,-3009.618742751485,-6338.68913747393,-49680.40273851444,-67613.5902243026,-24164.89451575994,33276.79518585595,17033.851854975997,-10129.070534422188,53420.62052971429
-153.97830048786227,-7722.300214203716,20131.353102287576,23918.633007810473,42084.13167968969,-58759.991676087644,25399.938455034262,63668.09778273693,27674.928029679268,23781.49207957926
-32775.533617629546,-54531.82655667815,-25163.410219735208,-12459.417157326392,-37106.686689943635,-87729.87775517699,51722.711304853765,-15951.98990552465,26113.462800259294,13492.474391381082
60406.8375394015,-18531.42127275614,56130.11645137343,-3083.7828862384144,45779.96343681862,-37051.87824690357,38713.42484558081,37281.39146530345,65176.263694913956,85186.6623449817
27535.275833986263,-64322.19546482047,-9203.435181932033,45461.02148479966,-55862.305805893935,-54865.1816755846,7606.874547317488,26159.286876488426,60473.76381388565,53498.91864417687
83382.38636022869,-68011.44137035719,-40647.991676579,25559.671436178774,-11337.893581614493,-31346.314640780864,8650.270209650289,-4032.094431784244,3342.306474820655,46797.84696932761
57766.480512696544,-24422.688666080256,55105.39970945488,17768.17552353228,-38325.2837663776,-54089.226930879246,15821.840012815435,-5091.535150818473,8985.30012895292,-7670.408098722619
-48834.38153677155,-46673.39403702939,26441.354398540458,-35325.86557021083,-25486.58164620002,-22228.6104014384,25073.22787655716,-1350.895890277402,1362.1992443041713,27221.40092815496
-1915.3438436126717,8076.202674608494,14686.878719888777,56999.8323521789,-17647.47042491778,-23083.16374355607,-7648.379586985573,41393.258533107364,-11954.650681252653,74496.74249795476
-43922.16794818787,-8158.711736463102,-35869.313880316105,23164.062484374437,21467.794398562015,-51014.622442823165,75815.25307451593,628.3796790108045,-19487.7194137095,74295.99209232592
18427.751333593074,26006.66714039503,5271.287720574268,10882.921711584977,9768.29565292835,-60718.596472635545,9150.894334552971,10268.244177124336,10408.537654150234,92094.46402660318
999.2908625076908,-27568.692963507132,-4232.85177903632,-33471.03703448464,-65395.671443458545,-54632.663882935696,-67453.5432586983,10366.608622858801,-1439.7729316331593,83675.86957672764
3128.6733090184352,8463.137959403111,21015.232452322332,-61047.2107947086,62174.7560603199,-13188.57437964993,-41267.99207031128,61547.23586568495,45313.834372883066,29607.352635327865
104976.17905694751,-15021.287196082652,-33582.854260275635,25129.80236290958,9808.773716427222,-55374.78156926803,68861.68435363183,21322.79337203324,91678.42154099641,59887.4364926849
12387.286322146998,40817.86507079644,-46645.75784384065,31223.256638921037,-14687.69514833665,-94665.26623249077,49271.23458545893,27794.590269173128,-35315.34341759973,35985.192068149394
1285.1830940499608,62984.901393012784,6771.090245842002,53347.075332476554,15075.902824434206,-98693.1298892276,44498.37629130692,3099.060181445654,60365.49917301496,40956.731437909024
3269.7542449496896,21652.31848352553,-15956.90363194839,16393.537512818035,-6679.694038016238,-58923.65017118132,59718.93950861898,12431.383968621085,56809.84516763355,102322.42827097238
42253.68412724352,-4845.013748429546,4523.108164183088,44515.014174415766,5972.364606534649,-17429.069584011613,-1725.950615815984,2972.4221145988276,26338.267259001786,52531.220197005576
32681.4208134294,-65996.08753090324,-38785.11179941968,15427.33746454979,-24246.45824280941,-75745.1016752047,10213.44773536401,51088.645319904994,37210.24801369921,19820.306181838932
-16565.487439681598,13777.621673161175,-9928.972578361669,-17932.957785219944,-76341.81827638306,-74731.39917192275,21730.505942584645,18595.185798002814,-69657.52541993122,141103.456504871
33078.155900032834,-69241.8311907803,-11200.564874834505,-19890.095077158614,37416.124189947186,-47866.68398118218,32950.942890339116,19542.59955899744,32496.38011681393,48025.129525221084
22933.935361863412,-63809.45729900597,7251.43353954222,-31361.60887403221,-25330.636778794185,-20458.98670433931,53027.962299384635,15731.898110666096,-19556.255962731986,90352.98714478587
10217.983037941327,8884.34681771896,-10258.564984713308,-48864.249265722414,26697.399135603206,-134800.62994945256,-89305.99080343773,22262.79598796511,-11869.52482166205,10756.303467695532
